,CLUSTERS,SILHOUETTE_IDX
0,2.0,0.4738148912879759
1,3.0,0.7599161962714587
2,4.0,0.765982180918547
3,5.0,0.9303795257087295
4,6.0,0.925695109965461
5,7.0,0.8471962993637926
6,8.0,0.8549187991660797
